{"cameraMode":{"drawMode":0,"name":"Shaded","section":"Shading Mode"},"sceneLighting":true,"audioPlay":false,"sceneViewState":{"m_AlwaysRefresh":false,"showFog":true,"showSkybox":true,"showFlares":true,"showImageEffects":true,"showParticleSystems":true,"showVisualEffectGraphs":true,"m_FxEnabled":true},"in2DMode":false,"pivot":{"x":0.9603142738342285,"y":0.3546872138977051,"z":-2.6854352951049806},"rotation":{"x":-0.043735623359680179,"y":0.9537383913993836,"z":-0.24282816052436829,"w":-0.17177779972553254},"size":3.5958328247070314,"orthographic":false}